{
    "CLI_version": "4.13.1",
    "branch": "main",
    "conf": {
        "files": [
            "src/EXAMPLE_2/PostExample.sol"
        ],
        "process": "emv",
        "verify": "PostExample:test/EXAMPLE_2/Certora/backdor.spec"
    },
    "cwd_relative": ".",
    "dirty": true,
    "origin": "",
    "raw_args": [
        "/opt/homebrew/bin/certoraRun",
        "src/EXAMPLE_2/PostExample.sol",
        "--verify",
        "PostExample:test/EXAMPLE_2/Certora/backdor.spec"
    ],
    "revision": "2b7b35ed39b10124075f9741be7c743ffca57a35",
    "timestamp": "1699880029.189223"
}